{"OverallQual": 0.5793822141163523, "GrLivArea": 0.11224033880156783, "TotalBsmtSF": 0.03680809734301135, "BsmtFinSF1": 0.02994176459565612, "2ndFlrSF": 0.02950291284729453}